{
    "test1":"اختبار١",
    "shop":"محل",
    "blogs":"المدونات",
    "contact-us":"اتصل بنا",
    "let-us-help-you-by-search":"دعنا نساعدك من خلال البحث",
    "hot-deals":"عروض ساخنة",
    "beauty":"جمال",
    "health":"صحة",
    "vitamins":"الفيتامينات",
    "nutrition":"تَغذِيَة",
    "healthy-foods":"أطعمة صحية",
    "baby-food":"طعام الاطفال",
    "join-our-newsteller":"انضم إلى منظمنا الجديد",
    "join":"ينضم",
    "enter-your-email-address":"أدخل عنوان بريدك الإلكتروني",
    "will-be-used-in-accordance-with-our-privacy-policy":"سيتم استخدامها وفقًا لسياسة الخصوصية الخاصة بنا",
    "free-fast-delivery":"توصيل مجاني وسريع",
      "24/7-support":"دعم على مدار الساعة طوال أيام الأسبوع",
    "secure-payment":"الدفع الآمن"

    










}