{
    "test1":"test1",
    "shop":"Shop",
    "blogs":"Blogs",
    "contact-us":"Contact us",
    "let-us-help-you-by-search":"Let us help you by search",
    "hot-deals":"Hot Deals",
    "beauty":"Beauty",
    "health":"Health",
    "vitamins":"Vitamins",
    "nutrition":"Nutrition",
    "healthy-foods":"Healthy Foods",
    "baby-food":"Baby Food",
    "join-our-newsteller":"Join our New Steller",
    "join":"Join",
    "enter-your-email-address":"Enter your Email address",
    "will-be-used-in-accordance-with-our-privacy-policy":"Will be used in accordance with our Privacy Policy",
    "free-fast-delivery":"Free & Fast Delivery",
    "24/7-support":"24/7 Support",
    "secure-payment":"Secure Payment"
}